Search Name,Region,Found Name,Website
3AB CARE LIMITED,Wales & South West,3AB Care Limited,3abcare.co.uk
A & I Care Homes Ltd T/a The Meadows Residential Care Home,London & South East,Adobe,adobe.com
A & I Care Homes Ltd T/a The Meadows Residential Care Home,London & South East,Airbnb,airbnb.com
A & I Care Homes Ltd T/a The Meadows Residential Care Home,London & South East,ADP,adp.com
A & I Care Homes Ltd T/a The Meadows Residential Care Home,London & South East,AOL,aol.com
A & I Care Homes Ltd T/a The Meadows Residential Care Home,London & South East,AT&T,att.com
A & I Care Homes Ltd T/a The Meadows Residential Care Home,Midlands & East of England,Adobe,adobe.com
A & I Care Homes Ltd T/a The Meadows Residential Care Home,Midlands & East of England,Airbnb,airbnb.com
A & I Care Homes Ltd T/a The Meadows Residential Care Home,Midlands & East of England,ADP,adp.com
A & I Care Homes Ltd T/a The Meadows Residential Care Home,Midlands & East of England,AOL,aol.com
A & I Care Homes Ltd T/a The Meadows Residential Care Home,Midlands & East of England,AT&T,att.com
A & I Care Homes Ltd T/a The Meadows Residential Care Home,"North East, Yorkshire & the Humber",Adobe,adobe.com
A & I Care Homes Ltd T/a The Meadows Residential Care Home,"North East, Yorkshire & the Humber",Airbnb,airbnb.com
A & I Care Homes Ltd T/a The Meadows Residential Care Home,"North East, Yorkshire & the Humber",ADP,adp.com
A & I Care Homes Ltd T/a The Meadows Residential Care Home,"North East, Yorkshire & the Humber",AOL,aol.com
A & I Care Homes Ltd T/a The Meadows Residential Care Home,"North East, Yorkshire & the Humber",AT&T,att.com
Action Aid,London & South East,ActionAid,actionaid.org
Action Aid,London & South East,ActionAid UK,actionaid.org.uk
Action Aid,London & South East,ActionAid Italia,actionaid.it
Action Aid,London & South East,ActionAid India,actionaidindia.org
Action Aid,London & South East,ActionAid Hellas,actionaid.gr
Action for Children,London & South East,Action for Children,actionforchildren.org.uk
Action for Children,London & South East,Action for Children,gweithredudrosblant.org.uk
Action for Children,London & South East,Action for Children,actionforchildren.org
Action for Children,London & South East,Action for Children's Arts,childrensarts.org.uk
Active Care,Scotland & Northern Ireland,Active Care,edmondchiro.com
Active Care,Scotland & Northern Ireland,Active Care Atlanta,activecareatlanta.com
Active Care,Scotland & Northern Ireland,Active Care,activecaremt.com
Active Care,Scotland & Northern Ireland,Active Care Chiro,activecarechiro.co.uk
Active Care,Scotland & Northern Ireland,Active Care Chiropractic,activecarewilm.com
Age UK,London & South East,Age UK,ageuk.org.uk
Age UK,London & South East,Age UK,opencharities.org
Age UK,London & South East,Age UK,ageukmobility.co.uk
Age UK,London & South East,Age UK,ageukblog.org.uk
Age UK,London & South East,Age UK Cornwall,ageukcornwall.org.uk
AGS & Mrs P Powell-Main Dental Surgeons,Wales & South West,AGSAT.COM.UA,agsat.com.ua
AGS & Mrs P Powell-Main Dental Surgeons,Wales & South West,AGS,gsaz.az
AGS & Mrs P Powell-Main Dental Surgeons,Wales & South West,AGS Golf Vacations,agsgolfvacations.com
AGS & Mrs P Powell-Main Dental Surgeons,Wales & South West,AGS Cinemas,agscinemas.com
AGS & Mrs P Powell-Main Dental Surgeons,Wales & South West,Auditor-General SA,agsa.co.za
Aims Care Partnership,London & South East,Aimscare Partnership,aimscare.co.uk
Airthrie Homes,London & South East,Airthrie Homes,airthriehomes.co.uk
Alexander House,London & South East,Alexander House Financial Services,alexanderhousefs.co.uk
Alexander House,London & South East,Alexander House,a-house.ru
Alexander House,London & South East,"Alexander House, Auchterarder, PH3 1PW",alexanderhousescotland.com
Alexander House,London & South East,Alexander House Associates,alexanderhouseassociates.com
Alexander House,London & South East,Alexander House Financial Planning,alexanderhousefp.co.uk
